;
C2;
AS1;
N64;
S0.500000;
H0.500000;
injection rates ;0.000500;0.000600;0.000700;0.000800;0.000900;0.001000;0.002000;0.003000;0.004000;0.005000;0.006000;0.007000;0.008000;0.009000;0.010000;0.020000;0.030000;0.040000;0.050000;
token;117.890477301;121.755064359;128.183194341;137.838521421;113.063252863;130.275316813;147.519247893;141.979040939;203.551267564;239.60274247;282.188810077;299.7430702;321.489548612;341.858906365;369.503278921;439.758596806;459.87107726;454.607686195;471.253442063;
H0.700000;
injection rates ;0.000500;0.000600;0.000700;0.000800;0.000900;0.001000;0.002000;0.003000;0.004000;0.005000;0.006000;0.007000;0.008000;0.009000;0.010000;0.020000;0.030000;0.040000;0.050000;
token;226.424924037;171.215438815;263.457439905;227.79947538;238.771159375;194.398788874;240.447514172;235.876918324;274.939240197;343.858783119;320.076129773;377.434214133;401.913863646;399.023680245;402.040037071;461.103870258;488.004774585;506.99529158;516.243120002;
H0.850000;
injection rates ;0.000500;0.000600;0.000700;0.000800;0.000900;0.001000;0.002000;0.003000;0.004000;0.005000;0.006000;0.007000;0.008000;0.009000;0.010000;0.020000;0.030000;0.040000;0.050000;
token;489.490532072;375.028024746;313.01839963;263.659994422;418.269106923;385.643223606;448.100125251;372.262185328;552.053377931;492.65365935;553.566982312;570.730065547;555.969652504;506.863367199;568.013306197;558.302647522;585.94765223;562.834745473;547.65753323;
S1.000000;
H0.500000;
injection rates ;0.000500;0.000600;0.000700;0.000800;0.000900;0.001000;0.002000;0.003000;0.004000;0.005000;0.006000;0.007000;0.008000;0.009000;0.010000;0.020000;0.030000;0.040000;0.050000;
token;134.525139011;115.404321752;124.190177975;129.180558576;131.968131092;123.10468156;131.048794528;175.624261918;173.260316842;232.376494314;286.727814498;272.089992037;347.786793796;306.897526797;353.573126816;419.257031912;428.680070071;451.682563547;456.919780661;
H0.700000;
injection rates ;0.000500;0.000600;0.000700;0.000800;0.000900;0.001000;0.002000;0.003000;0.004000;0.005000;0.006000;0.007000;0.008000;0.009000;0.010000;0.020000;0.030000;0.040000;0.050000;
token;197.335322941;162.607723849;236.164527357;175.971506626;223.522855718;219.585668702;205.683139191;272.749004873;298.310191217;311.137327712;336.527042472;375.4397184;354.634242556;356.502504869;402.621601919;477.594541156;481.775310524;474.901248347;483.39318755;
H0.850000;
injection rates ;0.000500;0.000600;0.000700;0.000800;0.000900;0.001000;0.002000;0.003000;0.004000;0.005000;0.006000;0.007000;0.008000;0.009000;0.010000;0.020000;0.030000;0.040000;0.050000;
token;421.220043474;446.824239006;426.348441959;479.1270754;323.31537565;376.728199039;448.973421436;489.916916177;448.938947419;577.412680345;479.899158518;550.207336358;547.404531102;503.576128853;523.144766362;526.649609471;572.168934289;539.754142506;530.392101509;
S10.000000;
H0.500000;
injection rates ;0.000500;0.000600;0.000700;0.000800;0.000900;0.001000;0.002000;0.003000;0.004000;0.005000;0.006000;0.007000;0.008000;0.009000;0.010000;0.020000;0.030000;0.040000;0.050000;
token;134.908784807;123.002831363;117.288767735;114.055906772;145.749870428;126.177997635;149.601418588;162.174176167;213.586985739;200.85234714;254.445473781;278.859391338;302.724096769;351.838728238;341.552599929;413.6529841;439.177870717;450.064255996;441.512611442;
H0.700000;
injection rates ;0.000500;0.000600;0.000700;0.000800;0.000900;0.001000;0.002000;0.003000;0.004000;0.005000;0.006000;0.007000;0.008000;0.009000;0.010000;0.020000;0.030000;0.040000;0.050000;
token;226.695120279;212.553606001;204.860640125;232.789420167;256.006061601;202.817185116;221.974911273;272.19039445;277.058243426;304.054470965;345.980424458;390.997536615;395.013245704;430.547788165;422.774109853;503.883995706;499.410212882;483.621702626;475.48118657;
H0.850000;
injection rates ;0.000500;0.000600;0.000700;0.000800;0.000900;0.001000;0.002000;0.003000;0.004000;0.005000;0.006000;0.007000;0.008000;0.009000;0.010000;0.020000;0.030000;0.040000;0.050000;
token;376.034854372;589.21517184;566.915723742;299.083235654;255.699115062;324.292620946;501.281766979;432.807902068;494.961348727;463.621220193;498.414989871;533.861582449;528.944699324;508.867743135;473.011832632;562.035067266;569.922884628;540.171721846;508.274615365;
AS2;
N64;
S0.500000;
H0.500000;
injection rates ;0.000500;0.000600;0.000700;0.000800;0.000900;0.001000;0.002000;0.003000;0.004000;0.005000;0.006000;0.007000;0.008000;0.009000;0.010000;0.020000;0.030000;0.040000;0.050000;
token;139.617365018;151.153593283;138.494839168;136.214101119;115.49206919;126.544392818;140.655195239;164.730218035;200.237290775;235.384458101;289.096584169;287.540571798;316.18700016;353.808144962;368.18623868;425.182146946;448.626723557;461.611812421;475.626325484;
H0.700000;
injection rates ;0.000500;0.000600;0.000700;0.000800;0.000900;0.001000;0.002000;0.003000;0.004000;0.005000;0.006000;0.007000;0.008000;0.009000;0.010000;0.020000;0.030000;0.040000;0.050000;
token;194.217767039;215.929781098;225.6140682;306.581186788;195.091290763;250.465857347;251.564447079;260.826306008;294.500043645;309.769295246;342.534067089;408.556289447;412.345057823;389.440276373;396.683648968;455.681449169;492.094115368;493.933897626;497.321860331;
H0.850000;
injection rates ;0.000500;0.000600;0.000700;0.000800;0.000900;0.001000;0.002000;0.003000;0.004000;0.005000;0.006000;0.007000;0.008000;0.009000;0.010000;0.020000;0.030000;0.040000;0.050000;
token;520.077941369;316.435112694;309.304699874;464.10351204;387.690801025;460.063683885;489.380292569;492.285780533;396.199749289;570.353939394;469.980422501;530.029763095;515.443966006;564.293713991;619.473937585;547.730550217;526.345814415;558.175377934;514.330079901;
S1.000000;
H0.500000;
injection rates ;0.000500;0.000600;0.000700;0.000800;0.000900;0.001000;0.002000;0.003000;0.004000;0.005000;0.006000;0.007000;0.008000;0.009000;0.010000;0.020000;0.030000;0.040000;0.050000;
token;127.508431769;129.249152461;123.932783525;128.477546011;127.775973504;125.203797977;141.872865518;140.076484079;189.321270324;203.933103294;281.042881556;306.111302503;297.313562197;320.474663179;334.157634891;418.3130029;448.163336278;446.617093382;445.205989785;
H0.700000;
injection rates ;0.000500;0.000600;0.000700;0.000800;0.000900;0.001000;0.002000;0.003000;0.004000;0.005000;0.006000;0.007000;0.008000;0.009000;0.010000;0.020000;0.030000;0.040000;0.050000;
token;249.086415058;181.705752245;210.590737447;205.913927687;210.905065791;205.558228867;257.77234033;241.302125772;280.465819727;293.53400994;321.860359184;366.540089908;377.667048066;374.281617542;406.246796114;458.655548777;467.186591764;464.777347139;480.029011179;
H0.850000;
injection rates ;0.000500;0.000600;0.000700;0.000800;0.000900;0.001000;0.002000;0.003000;0.004000;0.005000;0.006000;0.007000;0.008000;0.009000;0.010000;0.020000;0.030000;0.040000;0.050000;
token;358.528314437;447.084335437;382.235025568;453.789274065;381.663808213;430.414527269;415.56287039;518.976263926;511.363822868;552.480620536;559.253934491;538.761813526;531.612865639;556.227199843;525.670534179;540.231880744;557.787479496;542.347725457;510.987278814;
S10.000000;
H0.500000;
injection rates ;0.000500;0.000600;0.000700;0.000800;0.000900;0.001000;0.002000;0.003000;0.004000;0.005000;0.006000;0.007000;0.008000;0.009000;0.010000;0.020000;0.030000;0.040000;0.050000;
token;131.874002543;113.161244804;127.870498303;134.410150567;135.749796698;148.189865796;126.73086596;141.534669508;170.966793199;206.852154705;248.52854844;290.678605762;318.953000659;318.761592696;324.29395394;421.399466028;431.420850939;437.126664365;439.846354061;
H0.700000;
injection rates ;0.000500;0.000600;0.000700;0.000800;0.000900;0.001000;0.002000;0.003000;0.004000;0.005000;0.006000;0.007000;0.008000;0.009000;0.010000;0.020000;0.030000;0.040000;0.050000;
token;256.817819894;181.951214818;321.697211563;215.293082299;210.082920764;226.941088721;204.205032157;269.021571478;323.71456881;302.969842224;367.592084762;337.741692322;357.911283342;415.881010936;431.15361561;483.346833977;469.177235798;473.484215395;481.386266954;
H0.850000;
injection rates ;0.000500;0.000600;0.000700;0.000800;0.000900;0.001000;0.002000;0.003000;0.004000;0.005000;0.006000;0.007000;0.008000;0.009000;0.010000;0.020000;0.030000;0.040000;0.050000;
token;474.549697596;435.410183143;351.442191625;443.86262455;403.838161705;335.021002874;415.676455036;401.539128602;430.903304161;429.777564933;514.138922747;594.860859196;532.131556019;537.566195383;590.096219609;543.158094284;524.329614412;528.287563144;503.245022605;
AS3;
N64;
S0.500000;
H0.500000;
injection rates ;0.000500;0.000600;0.000700;0.000800;0.000900;0.001000;0.002000;0.003000;0.004000;0.005000;0.006000;0.007000;0.008000;0.009000;0.010000;0.020000;0.030000;0.040000;0.050000;
token;110.512410287;149.69433944;134.86815559;120.961275381;130.951710725;126.963040227;135.853363452;194.200650028;227.152309068;235.727021551;301.289699571;312.576284746;339.746996111;359.304773948;358.161954252;443.959879345;448.017727107;467.481398145;490.340279155;
H0.700000;
injection rates ;0.000500;0.000600;0.000700;0.000800;0.000900;0.001000;0.002000;0.003000;0.004000;0.005000;0.006000;0.007000;0.008000;0.009000;0.010000;0.020000;0.030000;0.040000;0.050000;
token;176.011282248;180.029375626;182.840642783;195.629738476;211.716811974;177.779446521;207.952064681;245.26672806;236.045330461;363.747543525;378.973686261;384.683396384;395.38789941;460.757589643;522.618157879;487.973039042;505.338437931;492.438640205;495.264841398;
H0.850000;
injection rates ;0.000500;0.000600;0.000700;0.000800;0.000900;0.001000;0.002000;0.003000;0.004000;0.005000;0.006000;0.007000;0.008000;0.009000;0.010000;0.020000;0.030000;0.040000;0.050000;
token;327.488332086;443.345542292;449.128010134;402.756749615;458.58396723;422.624498715;393.837511653;414.901254018;438.174203324;746.508641347;516.971732568;609.907344505;559.744653866;644.562512581;610.390104421;606.77288789;613.445822016;572.506849376;549.647387589;
S1.000000;
H0.500000;
injection rates ;0.000500;0.000600;0.000700;0.000800;0.000900;0.001000;0.002000;0.003000;0.004000;0.005000;0.006000;0.007000;0.008000;0.009000;0.010000;0.020000;0.030000;0.040000;0.050000;
token;120.886063498;122.925990934;120.236672839;113.072551845;131.98051881;140.934770372;121.553360111;143.590942579;178.06165953;224.358615774;247.619352728;279.659639229;296.067780038;329.054752464;351.633633091;411.732695082;428.575802177;444.60426061;452.186425237;
H0.700000;
injection rates ;0.000500;0.000600;0.000700;0.000800;0.000900;0.001000;0.002000;0.003000;0.004000;0.005000;0.006000;0.007000;0.008000;0.009000;0.010000;0.020000;0.030000;0.040000;0.050000;
token;197.498741104;273.559686322;159.066762614;251.05767889;201.532357701;197.563548274;231.485304127;276.142496645;338.156216387;309.566202693;346.158961655;347.357016697;409.671431719;492.851045371;424.090796073;441.265366927;492.033324912;491.204971614;496.096030103;
H0.850000;
injection rates ;0.000500;0.000600;0.000700;0.000800;0.000900;0.001000;0.002000;0.003000;0.004000;0.005000;0.006000;0.007000;0.008000;0.009000;0.010000;0.020000;0.030000;0.040000;0.050000;
token;340.727674987;517.977590509;362.045918691;466.881029204;329.788497815;406.500369062;558.208520112;455.083842558;436.796145635;464.27858791;453.119458779;473.140762748;482.788853026;529.061489138;649.99034154;547.931769931;578.019922829;544.363965986;522.983914371;
S10.000000;
H0.500000;
injection rates ;0.000500;0.000600;0.000700;0.000800;0.000900;0.001000;0.002000;0.003000;0.004000;0.005000;0.006000;0.007000;0.008000;0.009000;0.010000;0.020000;0.030000;0.040000;0.050000;
token;121.633170102;125.914679203;116.420595495;118.546856664;126.36638151;115.526035167;165.646979532;164.946819621;163.718034185;237.894969576;258.843705529;294.385807844;324.689969221;321.632829573;350.177292548;407.149935451;428.308986706;443.93456559;449.315993949;
H0.700000;
injection rates ;0.000500;0.000600;0.000700;0.000800;0.000900;0.001000;0.002000;0.003000;0.004000;0.005000;0.006000;0.007000;0.008000;0.009000;0.010000;0.020000;0.030000;0.040000;0.050000;
token;205.56855385;197.371743955;219.327032838;342.339280979;241.874564938;194.87646922;245.452399892;284.533059012;261.445951899;321.949812644;374.512257372;393.318575135;342.478669234;375.657531589;417.966336547;515.237683423;479.79776198;466.01478386;492.821453047;
H0.850000;
injection rates ;0.000500;0.000600;0.000700;0.000800;0.000900;0.001000;0.002000;0.003000;0.004000;0.005000;0.006000;0.007000;0.008000;0.009000;0.010000;0.020000;0.030000;0.040000;0.050000;
token;455.543087663;282.333071164;391.029302662;366.142540664;514.46248912;297.571689825;341.92062079;369.131151071;487.068418691;516.447581739;555.367238604;485.092229721;611.049443709;529.456189015;524.203202819;558.422250533;569.829073853;532.807149479;540.609101513;
C3;
AS1;
N64;
S0.500000;
H0.500000;
injection rates ;0.000500;0.000600;0.000700;0.000800;0.000900;0.001000;0.002000;0.003000;0.004000;0.005000;0.006000;0.007000;0.008000;0.009000;0.010000;0.020000;0.030000;0.040000;0.050000;
token;84.6218678417;85.7220589552;78.7096417901;75.6742987278;82.5643899681;79.941078293;83.4137778215;107.122007954;117.215216342;117.067784483;155.420205841;144.336437753;171.69349632;184.864543128;202.781423131;279.983551699;290.240872589;307.765051624;304.124548245;
H0.700000;
injection rates ;0.000500;0.000600;0.000700;0.000800;0.000900;0.001000;0.002000;0.003000;0.004000;0.005000;0.006000;0.007000;0.008000;0.009000;0.010000;0.020000;0.030000;0.040000;0.050000;
token;122.769344984;165.579569106;200.84215435;123.548245993;128.552639153;132.790791979;127.055281432;152.793611084;157.627720646;170.025073436;215.289341073;221.085351437;188.242015714;242.495513831;343.425716194;292.96961033;323.625990765;323.719531575;328.357440135;
H0.850000;
injection rates ;0.000500;0.000600;0.000700;0.000800;0.000900;0.001000;0.002000;0.003000;0.004000;0.005000;0.006000;0.007000;0.008000;0.009000;0.010000;0.020000;0.030000;0.040000;0.050000;
token;241.61804381;245.352431675;189.155260598;327.508685457;368.624268561;249.942825564;254.497772854;211.064043038;257.573753998;330.039134631;404.761401249;384.533841133;401.106230964;314.618802519;310.570603043;399.477381158;357.491607312;348.519431331;356.397753601;
S1.000000;
H0.500000;
injection rates ;0.000500;0.000600;0.000700;0.000800;0.000900;0.001000;0.002000;0.003000;0.004000;0.005000;0.006000;0.007000;0.008000;0.009000;0.010000;0.020000;0.030000;0.040000;0.050000;
token;82.4386041857;89.473528179;101.411575099;86.6602133769;85.4754428909;74.4608265194;89.1355717124;93.2518721526;95.2158210497;112.905615779;128.455210004;131.628802646;160.552524609;170.123216518;195.43754346;249.377456934;282.567172984;284.169799831;288.842057102;
H0.700000;
injection rates ;0.000500;0.000600;0.000700;0.000800;0.000900;0.001000;0.002000;0.003000;0.004000;0.005000;0.006000;0.007000;0.008000;0.009000;0.010000;0.020000;0.030000;0.040000;0.050000;
token;136.050549703;148.204541224;128.202798318;127.336579491;177.365002435;153.523791498;146.936653418;159.328763918;170.408004985;164.388143338;254.559061034;195.069861564;216.48348464;226.416626354;231.864896146;322.595566117;321.689170396;322.071055179;317.51665864;
H0.850000;
injection rates ;0.000500;0.000600;0.000700;0.000800;0.000900;0.001000;0.002000;0.003000;0.004000;0.005000;0.006000;0.007000;0.008000;0.009000;0.010000;0.020000;0.030000;0.040000;0.050000;
token;220.551214007;284.721083826;299.835183958;282.008672445;284.520169031;276.647751961;254.84287974;250.907026535;310.06127418;277.861068564;332.544205946;326.303522663;337.952871134;334.088977577;299.682188098;367.856433841;361.07616889;364.266020545;343.872030803;
S10.000000;
H0.500000;
injection rates ;0.000500;0.000600;0.000700;0.000800;0.000900;0.001000;0.002000;0.003000;0.004000;0.005000;0.006000;0.007000;0.008000;0.009000;0.010000;0.020000;0.030000;0.040000;0.050000;
token;109.026675214;89.203939505;97.0510457739;88.5649898371;76.3381767282;80.4174028836;96.4218150347;101.052777942;100.469442521;99.1207333815;112.840980071;146.014307524;178.735107459;185.196531495;189.692057392;248.199248402;279.587766107;289.279128601;293.602262997;
H0.700000;
injection rates ;0.000500;0.000600;0.000700;0.000800;0.000900;0.001000;0.002000;0.003000;0.004000;0.005000;0.006000;0.007000;0.008000;0.009000;0.010000;0.020000;0.030000;0.040000;0.050000;
token;109.582068407;168.135526549;121.612231215;158.98989537;228.125233319;126.068211283;199.382197078;165.016610834;183.763049223;169.470324107;220.609767306;228.232258545;204.339977094;233.707732728;273.499338271;312.955124011;329.225559919;312.708965218;319.706189294;
H0.850000;
injection rates ;0.000500;0.000600;0.000700;0.000800;0.000900;0.001000;0.002000;0.003000;0.004000;0.005000;0.006000;0.007000;0.008000;0.009000;0.010000;0.020000;0.030000;0.040000;0.050000;
token;203.574099852;310.626005595;351.757915913;254.743857232;238.038725501;247.447106555;248.641894941;212.214222024;265.460678249;320.22081818;434.947769191;349.940835615;357.6343304;317.253734765;322.994142653;356.696475355;359.906102334;347.091352445;335.147158938;
AS2;
N64;
S0.500000;
H0.500000;
injection rates ;0.000500;0.000600;0.000700;0.000800;0.000900;0.001000;0.002000;0.003000;0.004000;0.005000;0.006000;0.007000;0.008000;0.009000;0.010000;0.020000;0.030000;0.040000;0.050000;
token;121.323300366;94.481342314;107.367150996;119.49098261;100.820070396;99.2624939074;92.6841601058;105.832797489;119.98493036;132.002020899;146.737301241;151.656055914;171.103901287;185.090561497;186.687784377;260.428163027;280.94028166;292.815215614;299.961917983;
H0.700000;
injection rates ;0.000500;0.000600;0.000700;0.000800;0.000900;0.001000;0.002000;0.003000;0.004000;0.005000;0.006000;0.007000;0.008000;0.009000;0.010000;0.020000;0.030000;0.040000;0.050000;
token;121.287304704;133.392806782;176.446566287;160.683388025;149.242475248;155.903482533;161.354596233;172.974668461;224.621067583;181.299226614;215.654188469;206.05513743;212.406550338;241.951722077;272.00026219;286.457252051;323.095807034;330.010244;331.586066214;
H0.850000;
injection rates ;0.000500;0.000600;0.000700;0.000800;0.000900;0.001000;0.002000;0.003000;0.004000;0.005000;0.006000;0.007000;0.008000;0.009000;0.010000;0.020000;0.030000;0.040000;0.050000;
token;201.936165839;382.735533308;323.800231411;284.92436198;330.89506278;366.712277558;300.915010772;347.121797481;249.09395026;355.701890237;327.077887505;336.836870541;362.006354437;381.100904225;319.761304267;360.108011017;354.489143775;364.5782213;349.357196888;
S1.000000;
H0.500000;
injection rates ;0.000500;0.000600;0.000700;0.000800;0.000900;0.001000;0.002000;0.003000;0.004000;0.005000;0.006000;0.007000;0.008000;0.009000;0.010000;0.020000;0.030000;0.040000;0.050000;
token;107.198224134;89.8140021938;86.4278087825;85.0025756291;96.2633231034;84.6165987542;92.1021140268;116.213596755;108.736820202;105.343214241;123.575755065;150.313800786;151.763553142;180.895851621;179.984958422;254.027780166;297.758029495;281.307473481;289.88698686;
H0.700000;
injection rates ;0.000500;0.000600;0.000700;0.000800;0.000900;0.001000;0.002000;0.003000;0.004000;0.005000;0.006000;0.007000;0.008000;0.009000;0.010000;0.020000;0.030000;0.040000;0.050000;
token;155.314161527;145.165203024;237.850768457;167.525281721;138.546734339;139.445879654;189.203733642;169.002500329;161.425816766;204.266547237;248.038774939;295.868196373;281.169362024;200.800627029;219.995738109;277.579205737;305.8623842;315.153920243;311.855900783;
H0.850000;
injection rates ;0.000500;0.000600;0.000700;0.000800;0.000900;0.001000;0.002000;0.003000;0.004000;0.005000;0.006000;0.007000;0.008000;0.009000;0.010000;0.020000;0.030000;0.040000;0.050000;
token;263.072671926;246.335420853;377.453148202;319.12905863;234.196245393;263.433232688;257.597496805;330.571497941;320.538080929;309.305560531;441.365912417;270.379348011;325.601578141;302.842606796;383.213101494;348.273184392;329.505932322;350.769935423;342.801538499;
S10.000000;
H0.500000;
injection rates ;0.000500;0.000600;0.000700;0.000800;0.000900;0.001000;0.002000;0.003000;0.004000;0.005000;0.006000;0.007000;0.008000;0.009000;0.010000;0.020000;0.030000;0.040000;0.050000;
token;92.5337993711;89.9464664395;92.6979837078;118.080389303;89.5105639134;97.143394701;107.380025638;95.8001601423;141.698561494;114.379566037;126.779301596;136.63885807;169.185182521;162.088808744;178.50091222;255.850186783;266.735735953;278.545333347;295.792877798;
H0.700000;
injection rates ;0.000500;0.000600;0.000700;0.000800;0.000900;0.001000;0.002000;0.003000;0.004000;0.005000;0.006000;0.007000;0.008000;0.009000;0.010000;0.020000;0.030000;0.040000;0.050000;
token;143.50018181;133.249123835;136.685605523;163.154663192;159.30001955;154.69922226;150.430517003;191.149511063;178.344000205;242.410680632;209.356490764;214.653170562;217.249121646;257.328860324;236.287948529;298.805956957;295.753686384;300.489327524;306.007680276;
H0.850000;
injection rates ;0.000500;0.000600;0.000700;0.000800;0.000900;0.001000;0.002000;0.003000;0.004000;0.005000;0.006000;0.007000;0.008000;0.009000;0.010000;0.020000;0.030000;0.040000;0.050000;
token;322.842780541;240.988147404;328.718879265;276.951259596;227.61763031;247.965757263;294.890822508;326.7141768;286.425630333;301.110416815;328.720310492;356.339360857;290.381582909;306.351057594;311.505343936;326.723866496;369.701072549;359.836560545;338.118884873;
AS3;
N64;
S0.500000;
H0.500000;
injection rates ;0.000500;0.000600;0.000700;0.000800;0.000900;0.001000;0.002000;0.003000;0.004000;0.005000;0.006000;0.007000;0.008000;0.009000;0.010000;0.020000;0.030000;0.040000;0.050000;
token;87.3939823041;101.330934916;79.2254242246;98.5907100735;103.489112552;90.8003948565;93.1603966321;94.6645921737;96.4965663549;116.306444182;130.017151059;156.379424811;177.349136431;189.152682023;198.789073708;260.850352326;288.428484793;299.283236125;299.476905592;
H0.700000;
injection rates ;0.000500;0.000600;0.000700;0.000800;0.000900;0.001000;0.002000;0.003000;0.004000;0.005000;0.006000;0.007000;0.008000;0.009000;0.010000;0.020000;0.030000;0.040000;0.050000;
token;118.842212346;144.467573538;160.861567211;182.161384937;129.856661193;109.016536243;203.552762108;145.584547443;182.703477786;179.240836369;230.405897612;190.34483885;218.464293617;228.976303181;250.149742791;337.021216607;321.345850673;327.955455387;329.445078611;
H0.850000;
injection rates ;0.000500;0.000600;0.000700;0.000800;0.000900;0.001000;0.002000;0.003000;0.004000;0.005000;0.006000;0.007000;0.008000;0.009000;0.010000;0.020000;0.030000;0.040000;0.050000;
token;254.463976073;246.545225619;284.801929477;216.809272432;294.002450189;234.235173167;388.044397564;284.236267073;284.07964188;281.423784006;335.269189073;364.639001539;356.129184426;353.769191281;403.948122091;371.57456514;357.14336521;351.947008996;365.754162701;
S1.000000;
H0.500000;
injection rates ;0.000500;0.000600;0.000700;0.000800;0.000900;0.001000;0.002000;0.003000;0.004000;0.005000;0.006000;0.007000;0.008000;0.009000;0.010000;0.020000;0.030000;0.040000;0.050000;
token;76.9499377394;80.7138079571;77.9056974652;82.7087619184;81.2078488853;100.065168345;83.8798672619;99.9586821904;90.1545515043;130.761101591;129.502588218;136.035426578;160.403211074;163.828330525;199.86820584;268.190043968;272.331456535;282.991006673;290.890271106;
H0.700000;
injection rates ;0.000500;0.000600;0.000700;0.000800;0.000900;0.001000;0.002000;0.003000;0.004000;0.005000;0.006000;0.007000;0.008000;0.009000;0.010000;0.020000;0.030000;0.040000;0.050000;
token;125.161751443;166.001898695;136.355265608;131.911829538;133.664578896;133.701762311;136.396102825;167.663314384;142.30522614;183.158345729;165.974648221;238.675619149;224.855317448;275.128526982;233.160791555;280.017791941;309.577921293;312.66920178;322.356788867;
H0.850000;
injection rates ;0.000500;0.000600;0.000700;0.000800;0.000900;0.001000;0.002000;0.003000;0.004000;0.005000;0.006000;0.007000;0.008000;0.009000;0.010000;0.020000;0.030000;0.040000;0.050000;
token;185.703867662;260.258582308;230.69275383;252.400749248;247.213805319;213.581988159;238.684142358;270.743088732;279.134166607;360.759818024;445.029174319;303.001214527;326.329043619;401.102900286;380.157877662;369.633043804;379.792447989;347.744521132;340.821615363;
S10.000000;
H0.500000;
injection rates ;0.000500;0.000600;0.000700;0.000800;0.000900;0.001000;0.002000;0.003000;0.004000;0.005000;0.006000;0.007000;0.008000;0.009000;0.010000;0.020000;0.030000;0.040000;0.050000;
token;82.0626934081;85.84308384;74.5453872305;77.1873743812;85.5666071353;82.4441523548;84.9734708307;98.1093542697;98.0018447975;125.110247698;132.359175004;159.620652928;150.831128185;176.072435282;191.079109352;254.11640105;272.186181515;291.825324277;290.455476058;
H0.700000;
injection rates ;0.000500;0.000600;0.000700;0.000800;0.000900;0.001000;0.002000;0.003000;0.004000;0.005000;0.006000;0.007000;0.008000;0.009000;0.010000;0.020000;0.030000;0.040000;0.050000;
token;148.435224217;143.580047889;125.078926699;120.005277583;138.757852046;115.590890209;166.318389353;128.718122709;164.749341231;247.30447164;219.777141097;238.808525473;228.747951082;255.531445926;273.579730883;279.710171167;322.438856722;317.273538824;316.468942293;
H0.850000;
injection rates ;0.000500;0.000600;0.000700;0.000800;0.000900;0.001000;0.002000;0.003000;0.004000;0.005000;0.006000;0.007000;0.008000;0.009000;0.010000;0.020000;0.030000;0.040000;0.050000;
token;319.313937664;237.876129869;326.984419738;225.401975437;227.965471652;296.489599716;347.277840693;240.519737298;331.931312676;300.081921205;274.014617401;408.889920569;380.57158103;299.497364134;322.051381536;377.67435825;343.011353443;362.715511943;346.480351743;
C4;
AS1;
N64;
S0.500000;
H0.500000;
injection rates ;0.000500;0.000600;0.000700;0.000800;0.000900;0.001000;0.002000;0.003000;0.004000;0.005000;0.006000;0.007000;0.008000;0.009000;0.010000;0.020000;0.030000;0.040000;0.050000;
token;65.4470843407;65.2361439597;81.9942626922;58.8233778438;61.4910888164;66.3615430943;62.7158835934;63.5957719039;76.504261433;73.0585645947;82.9393608074;79.0700029641;101.675086737;103.164539869;116.306723938;184.957021116;210.466383842;219.307592953;220.940419001;
H0.700000;
injection rates ;0.000500;0.000600;0.000700;0.000800;0.000900;0.001000;0.002000;0.003000;0.004000;0.005000;0.006000;0.007000;0.008000;0.009000;0.010000;0.020000;0.030000;0.040000;0.050000;
token;118.772904726;91.2056097472;130.481101803;90.2146991747;105.633901945;108.894217629;99.1663162164;102.730762491;130.900351228;119.713022813;161.07388548;169.934883046;146.726631996;149.475022094;164.163458787;232.145951688;237.79378323;254.781117922;235.30404107;
H0.850000;
injection rates ;0.000500;0.000600;0.000700;0.000800;0.000900;0.001000;0.002000;0.003000;0.004000;0.005000;0.006000;0.007000;0.008000;0.009000;0.010000;0.020000;0.030000;0.040000;0.050000;
token;136.535132904;216.558061089;162.900759949;170.551298972;183.194702733;220.193056546;202.836623346;159.413562862;186.259100618;177.165034038;200.815460661;239.176839003;290.0432098;311.543313042;247.865220715;269.354114632;277.489206529;264.290833556;270.821449972;
S1.000000;
H0.500000;
injection rates ;0.000500;0.000600;0.000700;0.000800;0.000900;0.001000;0.002000;0.003000;0.004000;0.005000;0.006000;0.007000;0.008000;0.009000;0.010000;0.020000;0.030000;0.040000;0.050000;
token;66.6597329713;69.05596515;58.9701039222;75.273725649;70.1008313625;65.5293848943;81.9246933382;66.6110664004;69.1986249326;83.1489492119;94.8435215493;88.7305074228;84.8066466307;116.437419808;121.966460001;169.882060737;197.453011729;205.756228927;220.608698285;
H0.700000;
injection rates ;0.000500;0.000600;0.000700;0.000800;0.000900;0.001000;0.002000;0.003000;0.004000;0.005000;0.006000;0.007000;0.008000;0.009000;0.010000;0.020000;0.030000;0.040000;0.050000;
token;102.053387145;98.1632875125;89.4906148233;112.171850186;102.03367934;100.72396548;90.8799279843;100.114308188;108.082185801;111.295909965;121.564879734;146.229264329;188.865636932;159.476469397;148.261147623;196.478378499;226.517490989;226.550259261;233.52883926;
H0.850000;
injection rates ;0.000500;0.000600;0.000700;0.000800;0.000900;0.001000;0.002000;0.003000;0.004000;0.005000;0.006000;0.007000;0.008000;0.009000;0.010000;0.020000;0.030000;0.040000;0.050000;
token;192.32469486;134.072501064;223.431002446;215.860273522;237.79463074;174.143237865;182.410343899;183.512205531;234.275925146;200.503309727;187.319026403;265.393938458;198.677987215;211.883001909;285.093617754;241.386754675;258.564628753;267.950396603;249.543830693;
S10.000000;
H0.500000;
injection rates ;0.000500;0.000600;0.000700;0.000800;0.000900;0.001000;0.002000;0.003000;0.004000;0.005000;0.006000;0.007000;0.008000;0.009000;0.010000;0.020000;0.030000;0.040000;0.050000;
token;59.3365960597;64.7655814347;69.0157761482;70.2678565251;62.3744990315;69.6372336562;69.3956919315;67.2780317429;72.1360239241;74.2238755338;85.8778595238;80.7108119268;92.9705096106;95.993925936;121.84002578;178.966881155;194.885764813;201.461027077;213.104225843;
H0.700000;
injection rates ;0.000500;0.000600;0.000700;0.000800;0.000900;0.001000;0.002000;0.003000;0.004000;0.005000;0.006000;0.007000;0.008000;0.009000;0.010000;0.020000;0.030000;0.040000;0.050000;
token;125.25143039;126.627127653;142.647121301;118.434599656;98.0353397124;133.730239026;96.740934422;115.962492854;94.356049389;121.760985783;115.910085532;107.91472403;162.912086961;145.34031016;192.350050081;224.539714176;214.772180501;224.24008035;227.888371689;
H0.850000;
injection rates ;0.000500;0.000600;0.000700;0.000800;0.000900;0.001000;0.002000;0.003000;0.004000;0.005000;0.006000;0.007000;0.008000;0.009000;0.010000;0.020000;0.030000;0.040000;0.050000;
token;150.497839249;144.106506085;199.276480361;182.507709592;256.195304723;162.161656215;165.479414493;294.340712755;167.758944093;222.068932658;201.816707366;204.533816953;242.179440739;279.872697377;247.3276778;248.557485207;247.608222952;253.674855893;251.657508339;
AS2;
N64;
S0.500000;
H0.500000;
injection rates ;0.000500;0.000600;0.000700;0.000800;0.000900;0.001000;0.002000;0.003000;0.004000;0.005000;0.006000;0.007000;0.008000;0.009000;0.010000;0.020000;0.030000;0.040000;0.050000;
token;72.5052487882;90.4750392592;70.366516979;75.230049373;74.2162924084;70.3005943766;77.6651490071;75.1388782873;76.0444621592;86.5462019524;85.2142919257;122.24270495;104.048845056;108.875315547;129.136260671;193.98903026;198.611343682;212.093051206;218.898918849;
H0.700000;
injection rates ;0.000500;0.000600;0.000700;0.000800;0.000900;0.001000;0.002000;0.003000;0.004000;0.005000;0.006000;0.007000;0.008000;0.009000;0.010000;0.020000;0.030000;0.040000;0.050000;
token;135.302987852;116.836462218;122.021288817;125.379981083;127.526341356;147.318871756;118.297456534;114.339741643;142.695399144;155.209561461;183.911010769;160.645826307;164.36615311;148.455837475;173.183937497;210.749629717;230.615686103;244.743352064;220.941496409;
H0.850000;
injection rates ;0.000500;0.000600;0.000700;0.000800;0.000900;0.001000;0.002000;0.003000;0.004000;0.005000;0.006000;0.007000;0.008000;0.009000;0.010000;0.020000;0.030000;0.040000;0.050000;
token;164.593038596;327.309592609;210.119021043;213.343270245;245.622258105;199.841483404;205.748360868;212.42258805;260.610423881;223.364046353;224.90609466;282.668940215;205.10713867;235.493815365;254.628399812;267.832786879;267.51963917;261.083216267;253.038733729;
S1.000000;
H0.500000;
injection rates ;0.000500;0.000600;0.000700;0.000800;0.000900;0.001000;0.002000;0.003000;0.004000;0.005000;0.006000;0.007000;0.008000;0.009000;0.010000;0.020000;0.030000;0.040000;0.050000;
token;79.9109062471;71.9205584642;70.7289796497;79.4892434807;64.9505207416;71.3709080816;75.7321400881;81.9336218172;86.0085434746;88.8460250072;85.6357577583;94.9429738397;104.712494016;115.240050892;118.208237718;172.370410359;193.614585949;201.301899432;207.785899658;
H0.700000;
injection rates ;0.000500;0.000600;0.000700;0.000800;0.000900;0.001000;0.002000;0.003000;0.004000;0.005000;0.006000;0.007000;0.008000;0.009000;0.010000;0.020000;0.030000;0.040000;0.050000;
token;134.715594977;107.130885831;136.182807306;122.329034967;112.117493068;166.207155573;98.117834483;119.604977655;137.441706164;133.203960589;133.219556238;160.444663464;155.559500127;165.037191411;157.222069922;202.720720962;216.271157122;220.529569116;221.140321395;
H0.850000;
injection rates ;0.000500;0.000600;0.000700;0.000800;0.000900;0.001000;0.002000;0.003000;0.004000;0.005000;0.006000;0.007000;0.008000;0.009000;0.010000;0.020000;0.030000;0.040000;0.050000;
token;240.63348239;228.945375663;240.320509781;204.304562434;258.148253995;224.734665513;252.24964247;215.678731836;228.297254681;224.671654822;186.221702922;275.476115641;217.57035576;254.479549024;272.706927695;274.254741146;266.808160122;259.656160595;255.878358009;
S10.000000;
H0.500000;
injection rates ;0.000500;0.000600;0.000700;0.000800;0.000900;0.001000;0.002000;0.003000;0.004000;0.005000;0.006000;0.007000;0.008000;0.009000;0.010000;0.020000;0.030000;0.040000;0.050000;
token;81.4711533637;83.8174213043;85.8580851767;77.9027449284;72.8564485209;80.8463693783;90.5469937265;74.4122138304;80.977248402;89.833973273;87.8141449537;86.4041550768;102.457919284;93.3525811368;106.08281401;173.955044722;188.213456379;205.222289302;208.135859595;
H0.700000;
injection rates ;0.000500;0.000600;0.000700;0.000800;0.000900;0.001000;0.002000;0.003000;0.004000;0.005000;0.006000;0.007000;0.008000;0.009000;0.010000;0.020000;0.030000;0.040000;0.050000;
token;117.524599998;109.21558731;108.103587844;129.409214373;104.766163977;120.697247887;137.061133068;143.091530595;136.491380738;143.553745049;160.950137734;147.928410218;167.802440614;131.61590097;163.547018588;205.84265522;233.841784147;238.639731699;237.025983888;
H0.850000;
injection rates ;0.000500;0.000600;0.000700;0.000800;0.000900;0.001000;0.002000;0.003000;0.004000;0.005000;0.006000;0.007000;0.008000;0.009000;0.010000;0.020000;0.030000;0.040000;0.050000;
token;201.78140555;199.473343389;182.120214552;236.1751626;230.298909163;245.789848209;191.367970163;183.330266586;262.793980003;216.914394666;207.546376141;257.889967653;239.150821212;211.90542717;243.12403137;259.308812915;252.246957888;252.134127604;253.293526272;
AS3;
N64;
S0.500000;
H0.500000;
injection rates ;0.000500;0.000600;0.000700;0.000800;0.000900;0.001000;0.002000;0.003000;0.004000;0.005000;0.006000;0.007000;0.008000;0.009000;0.010000;0.020000;0.030000;0.040000;0.050000;
token;85.1312000758;66.6355885452;62.1431627192;59.1097834419;64.8811569571;75.0598819104;66.0157597027;67.9007231685;65.0820788276;85.3201860775;82.768897293;100.341525543;98.9333645339;108.140693984;121.947830989;183.765766546;207.187840418;220.806062338;224.190367424;
H0.700000;
injection rates ;0.000500;0.000600;0.000700;0.000800;0.000900;0.001000;0.002000;0.003000;0.004000;0.005000;0.006000;0.007000;0.008000;0.009000;0.010000;0.020000;0.030000;0.040000;0.050000;
token;123.065475241;115.193273917;144.987428293;102.194985134;81.6373299225;129.710724008;112.073817949;145.513690339;110.003660104;128.327127798;132.492845143;171.531772534;181.338780468;162.957216136;170.668797804;218.448717732;240.669379596;232.662415323;243.584473258;
H0.850000;
injection rates ;0.000500;0.000600;0.000700;0.000800;0.000900;0.001000;0.002000;0.003000;0.004000;0.005000;0.006000;0.007000;0.008000;0.009000;0.010000;0.020000;0.030000;0.040000;0.050000;
token;182.42756875;228.841498744;191.960358438;189.595157648;179.3680009;208.473743483;239.285098396;184.200949834;173.800797085;192.04530742;191.008664731;217.583538692;234.906416454;242.753973488;272.088705074;275.22072803;281.86839296;265.273073321;256.599374334;
S1.000000;
H0.500000;
injection rates ;0.000500;0.000600;0.000700;0.000800;0.000900;0.001000;0.002000;0.003000;0.004000;0.005000;0.006000;0.007000;0.008000;0.009000;0.010000;0.020000;0.030000;0.040000;0.050000;
token;71.3400800233;70.2684030758;71.1815731627;72.1006410294;63.1827680343;63.6392113251;75.1226749431;71.6608726716;79.3804506552;81.534533142;91.6749154954;81.8086670551;95.5952380564;105.533159385;117.749495106;185.750488887;196.11109759;207.381509131;217.807748585;
H0.700000;
injection rates ;0.000500;0.000600;0.000700;0.000800;0.000900;0.001000;0.002000;0.003000;0.004000;0.005000;0.006000;0.007000;0.008000;0.009000;0.010000;0.020000;0.030000;0.040000;0.050000;
token;116.833382414;101.115103901;135.57418891;100.083794078;110.285332368;158.327104222;111.866723678;118.85720171;151.100667427;93.6461524625;139.321885392;144.791694706;133.232711765;144.164838366;196.993264533;206.459124394;226.05772108;253.177987043;233.655849822;
H0.850000;
injection rates ;0.000500;0.000600;0.000700;0.000800;0.000900;0.001000;0.002000;0.003000;0.004000;0.005000;0.006000;0.007000;0.008000;0.009000;0.010000;0.020000;0.030000;0.040000;0.050000;
token;250.7578167;170.555253626;183.534259498;212.728724424;193.182915213;275.010323997;138.00842796;243.480713507;301.359924804;260.168395302;202.230404952;195.387333295;212.922722279;234.566253537;237.910097102;277.343090411;268.784734045;266.094826765;256.273506343;
S10.000000;
H0.500000;
injection rates ;0.000500;0.000600;0.000700;0.000800;0.000900;0.001000;0.002000;0.003000;0.004000;0.005000;0.006000;0.007000;0.008000;0.009000;0.010000;0.020000;0.030000;0.040000;0.050000;
token;66.4829159295;68.9056605042;64.4640136188;62.5209087053;68.772513424;58.7315653831;61.7545978103;69.8006928076;68.8444432493;74.5772883093;77.0680539679;95.2741642646;99.8247584554;116.711711523;111.94195778;173.939122537;197.1212491;204.84984138;215.188065912;
H0.700000;
injection rates ;0.000500;0.000600;0.000700;0.000800;0.000900;0.001000;0.002000;0.003000;0.004000;0.005000;0.006000;0.007000;0.008000;0.009000;0.010000;0.020000;0.030000;0.040000;0.050000;
token;98.2658677332;107.527663422;101.779294967;115.063491065;100.891364795;114.688444521;124.950205012;139.757281461;120.413137872;106.233391654;155.616239743;120.609167727;128.86702039;145.353715746;162.288260108;203.151321154;211.267910001;241.07166347;233.119242146;
H0.850000;
injection rates ;0.000500;0.000600;0.000700;0.000800;0.000900;0.001000;0.002000;0.003000;0.004000;0.005000;0.006000;0.007000;0.008000;0.009000;0.010000;0.020000;0.030000;0.040000;0.050000;
token;155.709314765;311.838038598;147.002698219;152.283348164;215.627395703;202.321877594;225.01189386;275.33596639;158.481848322;226.555468328;205.144133416;280.260165114;216.941689678;239.464756469;276.759591576;260.624169832;263.372353123;262.943054351;271.746618946;
